"DESCRIPTION","DURATION IN MS","NAME","PARENT SUITE","START TIME","STATUS","STOP TIME","SUB SUITE","SUITE","TEST CLASS","TEST METHOD"
"","9085","Iframe","chromium","Thu Oct 16 09:32:00 IST 2025","passed","Thu Oct 16 09:32:09 IST 2025","","Task.spec.js","",""
"","10673","prompt alert","webkit","Thu Oct 16 09:32:58 IST 2025","passed","Thu Oct 16 09:33:08 IST 2025","","alert.spec.js","",""
"","16882","Iframe","webkit","Thu Oct 16 09:33:12 IST 2025","passed","Thu Oct 16 09:33:29 IST 2025","","Task.spec.js","",""
"","10753","nested iframe","webkit","Thu Oct 16 09:33:06 IST 2025","failed","Thu Oct 16 09:33:16 IST 2025","","iframe.spec.js","",""
"","26027","prompt alert","firefox","Thu Oct 16 09:32:15 IST 2025","passed","Thu Oct 16 09:32:41 IST 2025","","alert.spec.js","",""
"","21229","nested iframe","firefox","Thu Oct 16 09:32:16 IST 2025","passed","Thu Oct 16 09:32:37 IST 2025","","iframe.spec.js","",""
"","11554","nested iframe","chromium","Thu Oct 16 09:31:48 IST 2025","passed","Thu Oct 16 09:31:59 IST 2025","","iframe.spec.js","",""
"","18485","Iframe","firefox","Thu Oct 16 09:32:39 IST 2025","passed","Thu Oct 16 09:32:58 IST 2025","","Task.spec.js","",""
"","14787","prompt alert","chromium","Thu Oct 16 09:31:48 IST 2025","passed","Thu Oct 16 09:32:03 IST 2025","","alert.spec.js","",""
